Sr. No.,Image Path,Predicted Class
1,image10000.jpg,Healthy
2,image10001.jpg,Unhealthy
3,image10002.jpg,Unhealthy
4,image10003.jpg,Unhealthy
5,image10004.jpg,Unhealthy
6,image10005.jpg,Healthy
7,image10006.jpg,Unhealthy
8,image10007.jpg,Unhealthy
9,image10008.jpg,Healthy
10,image10009.jpg,Unhealthy
11,image10010.jpg,Unhealthy
12,image10011.jpg,Unhealthy
13,image10012.jpg,Unhealthy
14,image10013.jpg,Unhealthy
15,image10014.jpg,Unhealthy
16,image10015.jpg,Unhealthy
17,image10016.jpg,Unhealthy
18,image10017.jpg,Unhealthy
19,image10018.jpg,Unhealthy
20,image10019.jpg,Unhealthy
21,image10020.jpg,Unhealthy
22,image10021.jpg,Unhealthy
23,image10022.jpg,Unhealthy
24,image10023.jpg,Healthy
25,image10024.jpg,Unhealthy
26,image10025.jpg,Healthy
27,image10026.jpg,Unhealthy
28,image10027.jpg,Unhealthy
29,image10028.jpg,Unhealthy
30,image10029.jpg,Unhealthy
31,image10030.jpg,Unhealthy
32,image10031.jpg,Unhealthy
33,image10032.jpg,Unhealthy
34,image10033.jpg,Unhealthy
35,image10034.jpg,Unhealthy
36,image10035.jpg,Unhealthy
37,image10036.jpg,Unhealthy
38,image10037.jpg,Unhealthy
39,image10038.jpg,Unhealthy
40,image10039.jpg,Unhealthy
41,image10040.jpg,Unhealthy
42,image10041.jpg,Unhealthy
43,image10042.jpg,Unhealthy
44,image10043.jpg,Unhealthy
45,image10044.jpg,Unhealthy
46,image10045.jpg,Healthy
47,image10046.jpg,Unhealthy
48,image10047.jpg,Unhealthy
49,image10048.jpg,Unhealthy
50,image10049.jpg,Healthy
51,image10050.jpg,Unhealthy
52,image10051.jpg,Unhealthy
53,image10052.jpg,Unhealthy
54,image10053.jpg,Unhealthy
55,image10054.jpg,Unhealthy
56,image10055.jpg,Unhealthy
57,image10056.jpg,Unhealthy
58,image10057.jpg,Unhealthy
59,image10058.jpg,Unhealthy
60,image10059.jpg,Unhealthy
61,image10060.jpg,Unhealthy
62,image10061.jpg,Unhealthy
63,image10062.jpg,Unhealthy
64,image10063.jpg,Unhealthy
65,image10064.jpg,Unhealthy
66,image10065.jpg,Healthy
67,image10066.jpg,Unhealthy
68,image10067.jpg,Unhealthy
69,image10068.jpg,Unhealthy
70,image10069.jpg,Unhealthy
71,image10070.jpg,Unhealthy
72,image10071.jpg,Unhealthy
73,image10072.jpg,Unhealthy
74,image10073.jpg,Unhealthy
75,image10074.jpg,Unhealthy
76,image10075.jpg,Unhealthy
77,image10076.jpg,Unhealthy
78,image10077.jpg,Unhealthy
79,image10078.jpg,Unhealthy
80,image10079.jpg,Unhealthy
81,image10080.jpg,Healthy
82,image10081.jpg,Unhealthy
83,image10082.jpg,Unhealthy
84,image10083.jpg,Unhealthy
85,image10084.jpg,Unhealthy
86,image10085.jpg,Unhealthy
87,image10086.jpg,Unhealthy
88,image10087.jpg,Unhealthy
89,image10088.jpg,Unhealthy
90,image10089.jpg,Unhealthy
91,image10090.jpg,Unhealthy
92,image10091.jpg,Unhealthy
93,image10092.jpg,Unhealthy
94,image10093.jpg,Healthy
95,image10094.jpg,Unhealthy
96,image10095.jpg,Unhealthy
97,image10096.jpg,Unhealthy
98,image10097.jpg,Unhealthy
99,image10098.jpg,Unhealthy
100,image10099.jpg,Unhealthy
101,image10100.jpg,Unhealthy
102,image10101.jpg,Unhealthy
103,image10102.jpg,Unhealthy
104,image10103.jpg,Healthy
105,image10104.jpg,Unhealthy
106,image10105.jpg,Healthy
107,image10106.jpg,Unhealthy
108,image10107.jpg,Unhealthy
109,image10108.jpg,Unhealthy
110,image10109.jpg,Unhealthy
111,image10110.jpg,Unhealthy
112,image10111.jpg,Unhealthy
113,image10112.jpg,Unhealthy
114,image10113.jpg,Unhealthy
115,image10114.jpg,Unhealthy
116,image10115.jpg,Unhealthy
117,image10116.jpg,Unhealthy
118,image10117.jpg,Unhealthy
119,image10118.jpg,Unhealthy
120,image10119.jpg,Unhealthy
121,image10120.jpg,Unhealthy
122,image10121.jpg,Unhealthy
123,image10122.jpg,Healthy
124,image10123.jpg,Unhealthy
125,image10124.jpg,Unhealthy
126,image10125.jpg,Unhealthy
127,image10126.jpg,Unhealthy
128,image10127.jpg,Unhealthy
129,image10128.jpg,Unhealthy
130,image10129.jpg,Unhealthy
131,image10130.jpg,Unhealthy
132,image10131.jpg,Healthy
133,image10132.jpg,Unhealthy
134,image10133.jpg,Unhealthy
135,image10134.jpg,Unhealthy
136,image10135.jpg,Unhealthy
137,image10136.jpg,Unhealthy
138,image10137.jpg,Unhealthy
139,image10138.jpg,Unhealthy
140,image10139.jpg,Unhealthy
141,image10140.jpg,Unhealthy
142,image10141.jpg,Unhealthy
143,image10142.jpg,Unhealthy
144,image10143.jpg,Unhealthy
145,image10144.jpg,Unhealthy
146,image10145.jpg,Unhealthy
147,image10146.jpg,Unhealthy
148,image10147.jpg,Unhealthy
149,image10148.jpg,Healthy
150,image10149.jpg,Unhealthy
151,image10150.jpg,Unhealthy
152,image10151.jpg,Healthy
153,image10152.jpg,Unhealthy
154,image10153.jpg,Healthy
155,image10154.jpg,Unhealthy
156,image10155.jpg,Healthy
157,image10156.jpg,Unhealthy
158,image10157.jpg,Unhealthy
159,image10158.jpg,Unhealthy
160,image10159.jpg,Unhealthy
161,image10160.jpg,Unhealthy
162,image10161.jpg,Unhealthy
163,image10162.jpg,Unhealthy
164,image10163.jpg,Unhealthy
165,image10164.jpg,Unhealthy
166,image10165.jpg,Unhealthy
167,image10166.jpg,Unhealthy
168,image10167.jpg,Unhealthy
169,image10168.jpg,Healthy
170,image10169.jpg,Unhealthy
171,image10170.jpg,Unhealthy
172,image10171.jpg,Healthy
173,image10172.jpg,Unhealthy
174,image10173.jpg,Unhealthy
175,image10174.jpg,Unhealthy
176,image10175.jpg,Unhealthy
177,image10176.jpg,Unhealthy
178,image10177.jpg,Unhealthy
179,image10178.jpg,Healthy
180,image10179.jpg,Unhealthy
181,image10180.jpg,Unhealthy
182,image10181.jpg,Unhealthy
183,image10182.jpg,Unhealthy
184,image10183.jpg,Unhealthy
185,image10184.jpg,Unhealthy
186,image10185.jpg,Healthy
187,image10186.jpg,Unhealthy
188,image10187.jpg,Healthy
189,image10188.jpg,Healthy
190,image10189.jpg,Unhealthy
191,image10190.jpg,Unhealthy
192,image10191.jpg,Unhealthy
193,image10192.jpg,Healthy
194,image10193.jpg,Unhealthy
195,image10194.jpg,Unhealthy
196,image10195.jpg,Unhealthy
197,image10196.jpg,Unhealthy
198,image10197.jpg,Healthy
199,image10198.jpg,Unhealthy
200,image10199.jpg,Unhealthy
201,image10200.jpg,Unhealthy
202,image10201.jpg,Healthy
203,image10202.jpg,Unhealthy
204,image10203.jpg,Unhealthy
205,image10204.jpg,Healthy
206,image10205.jpg,Unhealthy
207,image10206.jpg,Healthy
208,image10207.jpg,Healthy
209,image10208.jpg,Healthy
210,image10209.jpg,Unhealthy
211,image10210.jpg,Healthy
212,image10211.jpg,Healthy
213,image10212.jpg,Unhealthy
214,image10213.jpg,Unhealthy
215,image10214.jpg,Unhealthy
216,image10215.jpg,Unhealthy
217,image10216.jpg,Unhealthy
218,image10217.jpg,Unhealthy
219,image10218.jpg,Healthy
220,image10219.jpg,Unhealthy
221,image10220.jpg,Unhealthy
222,image10221.jpg,Healthy
223,image10222.jpg,Unhealthy
224,image10223.jpg,Unhealthy
225,image10224.jpg,Unhealthy
226,image10225.jpg,Unhealthy
227,image10226.jpg,Unhealthy
228,image10227.jpg,Unhealthy
229,image10228.jpg,Healthy
230,image10229.jpg,Healthy
231,image10230.jpg,Unhealthy
232,image10231.jpg,Healthy
233,image10232.jpg,Unhealthy
234,image10233.jpg,Unhealthy
235,image10234.jpg,Unhealthy
236,image10235.jpg,Healthy
237,image10236.jpg,Healthy
238,image10237.jpg,Unhealthy
239,image10238.jpg,Unhealthy
240,image10239.jpg,Unhealthy
241,image10240.jpg,Unhealthy
242,image10241.jpg,Healthy
243,image10242.jpg,Unhealthy
244,image10243.jpg,Unhealthy
245,image10244.jpg,Unhealthy
246,image10245.jpg,Unhealthy
247,image10246.jpg,Unhealthy
248,image10247.jpg,Unhealthy
249,image10248.jpg,Unhealthy
250,image10249.jpg,Healthy
251,image10250.jpg,Unhealthy
252,image10251.jpg,Unhealthy
253,image10252.jpg,Unhealthy
254,image10253.jpg,Unhealthy
255,image10254.jpg,Unhealthy
256,image10255.jpg,Unhealthy
257,image10256.jpg,Healthy
258,image10257.jpg,Unhealthy
259,image10258.jpg,Healthy
260,image10259.jpg,Healthy
261,image10260.jpg,Unhealthy
262,image10261.jpg,Healthy
263,image10262.jpg,Healthy
264,image10263.jpg,Unhealthy
265,image10264.jpg,Unhealthy
266,image10265.jpg,Unhealthy
267,image10266.jpg,Unhealthy
268,image10267.jpg,Unhealthy
269,image10268.jpg,Healthy
270,image10269.jpg,Healthy
271,image10270.jpg,Healthy
272,image10271.jpg,Unhealthy
273,image10272.jpg,Unhealthy
274,image10273.jpg,Unhealthy
275,image10274.jpg,Unhealthy
276,image10275.jpg,Unhealthy
277,image10276.jpg,Unhealthy
278,image10277.jpg,Healthy
279,image10278.jpg,Unhealthy
280,image10279.jpg,Unhealthy
281,image10280.jpg,Healthy
282,image10281.jpg,Healthy
283,image10282.jpg,Unhealthy
284,image10283.jpg,Unhealthy
285,image10284.jpg,Healthy
286,image10285.jpg,Healthy
287,image10286.jpg,Unhealthy
288,image10287.jpg,Unhealthy
289,image10288.jpg,Unhealthy
290,image10289.jpg,Unhealthy
291,image10290.jpg,Unhealthy
292,image10291.jpg,Unhealthy
293,image10292.jpg,Unhealthy
294,image10293.jpg,Unhealthy
295,image10294.jpg,Unhealthy
296,image10295.jpg,Healthy
297,image10296.jpg,Unhealthy
298,image10297.jpg,Unhealthy
299,image10298.jpg,Unhealthy
300,image10299.jpg,Healthy
301,image10300.jpg,Unhealthy
302,image10301.jpg,Unhealthy
303,image10302.jpg,Unhealthy
304,image10303.jpg,Unhealthy
305,image10304.jpg,Unhealthy
306,image10305.jpg,Unhealthy
307,image10306.jpg,Unhealthy
308,image10307.jpg,Unhealthy
309,image10308.jpg,Healthy
310,image10309.jpg,Unhealthy
311,image10310.jpg,Healthy
312,image10311.jpg,Unhealthy
313,image10312.jpg,Unhealthy
314,image10313.jpg,Healthy
315,image10314.jpg,Unhealthy
316,image10315.jpg,Healthy
317,image10316.jpg,Unhealthy
318,image10317.jpg,Unhealthy
319,image10318.jpg,Unhealthy
320,image10319.jpg,Unhealthy
321,image10320.jpg,Unhealthy
322,image10321.jpg,Healthy
323,image10322.jpg,Unhealthy
324,image10323.jpg,Healthy
325,image10324.jpg,Healthy
326,image10325.jpg,Unhealthy
327,image10326.jpg,Unhealthy
328,image10327.jpg,Unhealthy
329,image10328.jpg,Unhealthy
330,image10329.jpg,Unhealthy
331,image10330.jpg,Healthy
332,image10331.jpg,Unhealthy
333,image10332.jpg,Unhealthy
334,image10333.jpg,Unhealthy
335,image10334.jpg,Unhealthy
336,image10335.jpg,Unhealthy
337,image10336.jpg,Unhealthy
338,image10337.jpg,Unhealthy
339,image10338.jpg,Unhealthy
340,image10339.jpg,Unhealthy
341,image10340.jpg,Unhealthy
342,image10341.jpg,Unhealthy
343,image10342.jpg,Healthy
344,image10343.jpg,Unhealthy
345,image10344.jpg,Unhealthy
346,image10345.jpg,Unhealthy
347,image10346.jpg,Unhealthy
348,image10347.jpg,Unhealthy
349,image10348.jpg,Unhealthy
350,image10349.jpg,Healthy
351,image10350.jpg,Unhealthy
352,image10351.jpg,Unhealthy
353,image10352.jpg,Unhealthy
354,image10353.jpg,Healthy
355,image10354.jpg,Healthy
356,image10355.jpg,Unhealthy
357,image10356.jpg,Unhealthy
358,image10357.jpg,Unhealthy
359,image10358.jpg,Unhealthy
360,image10359.jpg,Unhealthy
361,image10360.jpg,Unhealthy
362,image10361.jpg,Unhealthy
363,image10362.jpg,Unhealthy
364,image10363.jpg,Unhealthy
365,image10364.jpg,Healthy
366,image10365.jpg,Unhealthy
367,image10366.jpg,Unhealthy
368,image10367.jpg,Unhealthy
369,image10368.jpg,Unhealthy
370,image10369.jpg,Unhealthy
371,image10370.jpg,Unhealthy
372,image10371.jpg,Unhealthy
373,image10372.jpg,Unhealthy
374,image10373.jpg,Unhealthy
375,image10374.jpg,Unhealthy
376,image10375.jpg,Healthy
377,image10376.jpg,Unhealthy
378,image10377.jpg,Unhealthy
379,image10378.jpg,Unhealthy
380,image10379.jpg,Unhealthy
381,image10380.jpg,Unhealthy
382,image10381.jpg,Unhealthy
383,image10382.jpg,Unhealthy
384,image10383.jpg,Healthy
385,image10384.jpg,Unhealthy
386,image10385.jpg,Unhealthy
387,image10386.jpg,Healthy
388,image10387.jpg,Unhealthy
389,image10388.jpg,Unhealthy
390,image10389.jpg,Unhealthy
391,image10390.jpg,Healthy
392,image10391.jpg,Unhealthy
393,image10392.jpg,Unhealthy
394,image10393.jpg,Unhealthy
395,image10394.jpg,Unhealthy
396,image10395.jpg,Healthy
397,image10396.jpg,Unhealthy
398,image10397.jpg,Healthy
399,image10398.jpg,Unhealthy
400,image10399.jpg,Unhealthy
401,image10400.jpg,Unhealthy
402,image10401.jpg,Unhealthy
403,image10402.jpg,Unhealthy
404,image10403.jpg,Unhealthy
405,image10404.jpg,Unhealthy
406,image10405.jpg,Unhealthy
407,image10406.jpg,Unhealthy
408,image10407.jpg,Healthy
409,image10408.jpg,Healthy
410,image10409.jpg,Unhealthy
411,image10410.jpg,Unhealthy
412,image10411.jpg,Unhealthy
413,image10412.jpg,Unhealthy
414,image10413.jpg,Unhealthy
415,image10414.jpg,Unhealthy
416,image10415.jpg,Unhealthy
417,image10416.jpg,Unhealthy
418,image10417.jpg,Unhealthy
419,image10418.jpg,Unhealthy
420,image10419.jpg,Unhealthy
421,image10420.jpg,Unhealthy
422,image10421.jpg,Unhealthy
423,image10422.jpg,Unhealthy
424,image10423.jpg,Healthy
425,image10424.jpg,Unhealthy
426,image10425.jpg,Unhealthy
427,image10426.jpg,Unhealthy
428,image10427.jpg,Unhealthy
429,image10428.jpg,Unhealthy
430,image10429.jpg,Healthy
431,image10430.jpg,Healthy
432,image10431.jpg,Unhealthy
433,image10432.jpg,Unhealthy
434,image10433.jpg,Healthy
435,image10434.jpg,Healthy
436,image10435.jpg,Healthy
437,image10436.jpg,Unhealthy
438,image10437.jpg,Unhealthy
439,image10438.jpg,Unhealthy
440,image10439.jpg,Unhealthy
441,image10440.jpg,Unhealthy
442,image10441.jpg,Unhealthy
443,image10442.jpg,Healthy
444,image10443.jpg,Unhealthy
445,image10444.jpg,Unhealthy
446,image10445.jpg,Healthy
447,image10446.jpg,Healthy
448,image10447.jpg,Unhealthy
449,image10448.jpg,Unhealthy
450,image10449.jpg,Healthy
451,image10450.jpg,Healthy
452,image10451.jpg,Healthy
453,image10452.jpg,Healthy
454,image10453.jpg,Healthy
455,image10454.jpg,Healthy
456,image10455.jpg,Unhealthy
457,image10456.jpg,Unhealthy
458,image10457.jpg,Unhealthy
459,image10458.jpg,Healthy
460,image10459.jpg,Unhealthy
461,image10460.jpg,Unhealthy
462,image10461.jpg,Unhealthy
463,image10462.jpg,Unhealthy
464,image10463.jpg,Healthy
465,image10464.jpg,Unhealthy
466,image10465.jpg,Unhealthy
467,image10466.jpg,Unhealthy
468,image10467.jpg,Healthy
469,image10468.jpg,Unhealthy
470,image10469.jpg,Healthy
471,image10470.jpg,Unhealthy
472,image10471.jpg,Healthy
473,image10472.jpg,Healthy
474,image10473.jpg,Unhealthy
475,image10474.jpg,Healthy
476,image10475.jpg,Unhealthy
477,image10476.jpg,Healthy
478,image10477.jpg,Unhealthy
479,image10478.jpg,Unhealthy
480,image10479.jpg,Unhealthy
481,image10480.jpg,Unhealthy
482,image10481.jpg,Unhealthy
483,image10482.jpg,Unhealthy
484,image10483.jpg,Unhealthy
485,image10484.jpg,Unhealthy
486,image10485.jpg,Healthy
487,image10486.jpg,Unhealthy
488,image10487.jpg,Unhealthy
489,image10488.jpg,Unhealthy
490,image10489.jpg,Unhealthy
491,image10490.jpg,Unhealthy
492,image10491.jpg,Unhealthy
493,image10492.jpg,Unhealthy
494,image10493.jpg,Unhealthy
495,image10494.jpg,Unhealthy
496,image10495.jpg,Unhealthy
497,image10496.jpg,Unhealthy
498,image10497.jpg,Unhealthy
499,image10498.jpg,Healthy
500,image10499.jpg,Healthy
501,image10500.jpg,Unhealthy
502,image10501.jpg,Unhealthy
503,image10502.jpg,Unhealthy
504,image10503.jpg,Unhealthy
505,image10504.jpg,Unhealthy
506,image10505.jpg,Unhealthy
507,image10506.jpg,Unhealthy
508,image10507.jpg,Healthy
509,image10508.jpg,Healthy
510,image10509.jpg,Healthy
511,image10510.jpg,Unhealthy
512,image10511.jpg,Healthy
513,image10512.jpg,Unhealthy
514,image10513.jpg,Unhealthy
515,image10514.jpg,Unhealthy
516,image10515.jpg,Unhealthy
517,image10516.jpg,Unhealthy
518,image10517.jpg,Healthy
519,image10518.jpg,Unhealthy
520,image10519.jpg,Healthy
521,image10520.jpg,Unhealthy
522,image10521.jpg,Healthy
523,image10522.jpg,Unhealthy
524,image10523.jpg,Unhealthy
525,image10524.jpg,Unhealthy
526,image10525.jpg,Unhealthy
527,image10526.jpg,Healthy
528,image10527.jpg,Unhealthy
529,image10528.jpg,Unhealthy
530,image10529.jpg,Unhealthy
531,image10530.jpg,Healthy
532,image10531.jpg,Healthy
533,image10532.jpg,Unhealthy
534,image10533.jpg,Unhealthy
535,image10534.jpg,Healthy
536,image10535.jpg,Unhealthy
537,image10536.jpg,Healthy
538,image10537.jpg,Unhealthy
539,image10538.jpg,Unhealthy
540,image10539.jpg,Unhealthy
541,image10540.jpg,Unhealthy
542,image10541.jpg,Healthy
543,image10542.jpg,Unhealthy
544,image10543.jpg,Healthy
545,image10544.jpg,Healthy
546,image10545.jpg,Healthy
547,image10546.jpg,Unhealthy
548,image10547.jpg,Unhealthy
549,image10548.jpg,Unhealthy
550,image10549.jpg,Unhealthy
551,image10550.jpg,Healthy
552,image10551.jpg,Unhealthy
553,image10552.jpg,Unhealthy
554,image10553.jpg,Unhealthy
555,image10554.jpg,Unhealthy
556,image10555.jpg,Unhealthy
557,image10556.jpg,Unhealthy
558,image10557.jpg,Healthy
559,image10558.jpg,Unhealthy
560,image10559.jpg,Unhealthy
561,image10560.jpg,Unhealthy
562,image10561.jpg,Unhealthy
563,image10562.jpg,Unhealthy
564,image10563.jpg,Unhealthy
565,image10564.jpg,Healthy
566,image10565.jpg,Unhealthy
567,image10566.jpg,Unhealthy
568,image10567.jpg,Healthy
569,image10568.jpg,Unhealthy
570,image10569.jpg,Unhealthy
571,image10570.jpg,Unhealthy
572,image10571.jpg,Unhealthy
573,image10572.jpg,Healthy
574,image10573.jpg,Unhealthy
575,image10574.jpg,Healthy
576,image10575.jpg,Healthy
577,image10576.jpg,Unhealthy
578,image10577.jpg,Unhealthy
579,image10578.jpg,Unhealthy
580,image10579.jpg,Unhealthy
581,image10580.jpg,Healthy
582,image10581.jpg,Healthy
583,image10582.jpg,Unhealthy
584,image10583.jpg,Unhealthy
585,image10584.jpg,Unhealthy
586,image10585.jpg,Unhealthy
587,image10586.jpg,Healthy
588,image10587.jpg,Unhealthy
589,image10588.jpg,Unhealthy
590,image10589.jpg,Unhealthy
591,image10590.jpg,Healthy
592,image10591.jpg,Healthy
593,image10592.jpg,Unhealthy
594,image10593.jpg,Unhealthy
595,image10594.jpg,Unhealthy
596,image10595.jpg,Unhealthy
597,image10596.jpg,Unhealthy
598,image10597.jpg,Healthy
599,image10598.jpg,Unhealthy
600,image10599.jpg,Unhealthy
601,image10600.jpg,Unhealthy
602,image10601.jpg,Unhealthy
603,image10602.jpg,Unhealthy
604,image10603.jpg,Unhealthy
605,image10604.jpg,Unhealthy
606,image10605.jpg,Unhealthy
607,image10606.jpg,Unhealthy
608,image10607.jpg,Unhealthy
609,image10608.jpg,Unhealthy
610,image10609.jpg,Healthy
611,image10610.jpg,Unhealthy
612,image10611.jpg,Unhealthy
613,image10612.jpg,Unhealthy
614,image10613.jpg,Unhealthy
615,image10614.jpg,Unhealthy
616,image10615.jpg,Unhealthy
617,image10616.jpg,Healthy
618,image10617.jpg,Unhealthy
619,image10618.jpg,Unhealthy
620,image10619.jpg,Unhealthy
621,image10620.jpg,Unhealthy
622,image10621.jpg,Unhealthy
623,image10622.jpg,Unhealthy
624,image10623.jpg,Healthy
625,image10624.jpg,Unhealthy
626,image10625.jpg,Healthy
627,image10626.jpg,Healthy
628,image10627.jpg,Unhealthy
629,image10628.jpg,Unhealthy
630,image10629.jpg,Unhealthy
631,image10630.jpg,Unhealthy
632,image10631.jpg,Unhealthy
633,image10632.jpg,Unhealthy
634,image10633.jpg,Unhealthy
635,image10634.jpg,Healthy
636,image10635.jpg,Healthy
637,image10636.jpg,Unhealthy
638,image10637.jpg,Unhealthy
639,image10638.jpg,Unhealthy
640,image10639.jpg,Unhealthy
641,image10640.jpg,Unhealthy
642,image10641.jpg,Healthy
643,image10642.jpg,Unhealthy
644,image10643.jpg,Unhealthy
645,image10644.jpg,Unhealthy
646,image10645.jpg,Unhealthy
647,image10646.jpg,Healthy
648,image10647.jpg,Unhealthy
649,image10648.jpg,Healthy
650,image10649.jpg,Unhealthy
651,image10650.jpg,Unhealthy
652,image10651.jpg,Healthy
653,image10652.jpg,Unhealthy
654,image10653.jpg,Unhealthy
655,image10654.jpg,Healthy
656,image10655.jpg,Healthy
657,image10656.jpg,Healthy
658,image10657.jpg,Unhealthy
659,image10658.jpg,Healthy
660,image10659.jpg,Healthy
661,image10660.jpg,Unhealthy
662,image10661.jpg,Unhealthy
663,image10662.jpg,Unhealthy
664,image10663.jpg,Unhealthy
665,image10664.jpg,Unhealthy
666,image10665.jpg,Unhealthy
667,image10666.jpg,Healthy
668,image10667.jpg,Unhealthy
669,image10668.jpg,Unhealthy
670,image10669.jpg,Healthy
671,image10670.jpg,Unhealthy
672,image10671.jpg,Unhealthy
673,image10672.jpg,Unhealthy
674,image10673.jpg,Unhealthy
675,image10674.jpg,Unhealthy
676,image10675.jpg,Unhealthy
677,image10676.jpg,Unhealthy
678,image10677.jpg,Healthy
679,image10678.jpg,Healthy
680,image10679.jpg,Unhealthy
681,image10680.jpg,Healthy
682,image10681.jpg,Unhealthy
683,image10682.jpg,Unhealthy
684,image10683.jpg,Unhealthy
685,image10684.jpg,Unhealthy
686,image10685.jpg,Unhealthy
687,image10686.jpg,Unhealthy
688,image10687.jpg,Unhealthy
689,image10688.jpg,Healthy
690,image10689.jpg,Healthy
691,image10690.jpg,Unhealthy
692,image10691.jpg,Unhealthy
693,image10692.jpg,Unhealthy
694,image10693.jpg,Unhealthy
695,image10694.jpg,Unhealthy
696,image10695.jpg,Unhealthy
697,image10696.jpg,Unhealthy
698,image10697.jpg,Healthy
699,image10698.jpg,Unhealthy
700,image10699.jpg,Unhealthy
701,image10700.jpg,Unhealthy
702,image10701.jpg,Unhealthy
703,image10702.jpg,Unhealthy
704,image10703.jpg,Healthy
705,image10704.jpg,Unhealthy
706,image10705.jpg,Unhealthy
707,image10706.jpg,Unhealthy
708,image10707.jpg,Healthy
709,image10708.jpg,Unhealthy
710,image10709.jpg,Unhealthy
711,image10710.jpg,Unhealthy
712,image10711.jpg,Unhealthy
713,image10712.jpg,Healthy
714,image10713.jpg,Unhealthy
715,image10714.jpg,Unhealthy
716,image10715.jpg,Unhealthy
717,image10716.jpg,Unhealthy
718,image10717.jpg,Unhealthy
719,image10718.jpg,Unhealthy
720,image10719.jpg,Unhealthy
721,image10720.jpg,Healthy
722,image10721.jpg,Healthy
723,image10722.jpg,Unhealthy
724,image10723.jpg,Unhealthy
725,image10724.jpg,Healthy
726,image10725.jpg,Unhealthy
727,image10726.jpg,Healthy
728,image10727.jpg,Unhealthy
729,image10728.jpg,Unhealthy
730,image10729.jpg,Unhealthy
731,image10730.jpg,Unhealthy
732,image10731.jpg,Unhealthy
733,image10732.jpg,Unhealthy
734,image10733.jpg,Unhealthy
735,image10734.jpg,Unhealthy
736,image10735.jpg,Unhealthy
737,image10736.jpg,Unhealthy
738,image10737.jpg,Healthy
739,image10738.jpg,Unhealthy
740,image10739.jpg,Unhealthy
741,image10740.jpg,Healthy
742,image10741.jpg,Unhealthy
743,image10742.jpg,Healthy
744,image10743.jpg,Unhealthy
745,image10744.jpg,Unhealthy
746,image10745.jpg,Healthy
747,image10746.jpg,Unhealthy
748,image10747.jpg,Healthy
749,image10748.jpg,Healthy
750,image10749.jpg,Unhealthy
751,image10750.jpg,Unhealthy
752,image10751.jpg,Unhealthy
753,image10752.jpg,Unhealthy
754,image10753.jpg,Unhealthy
755,image10754.jpg,Unhealthy
756,image10755.jpg,Unhealthy
757,image10756.jpg,Healthy
758,image10757.jpg,Unhealthy
759,image10758.jpg,Unhealthy
760,image10759.jpg,Unhealthy
761,image10760.jpg,Unhealthy
762,image10761.jpg,Healthy
763,image10762.jpg,Unhealthy
764,image10763.jpg,Healthy
765,image10764.jpg,Unhealthy
766,image10765.jpg,Unhealthy
767,image10766.jpg,Unhealthy
768,image10767.jpg,Healthy
769,image10768.jpg,Unhealthy
770,image10769.jpg,Unhealthy
771,image10770.jpg,Unhealthy
772,image10771.jpg,Healthy
773,image10772.jpg,Unhealthy
774,image10773.jpg,Unhealthy
775,image10774.jpg,Unhealthy
776,image10775.jpg,Unhealthy
777,image10776.jpg,Unhealthy
778,image10777.jpg,Healthy
779,image10778.jpg,Unhealthy
780,image10779.jpg,Unhealthy
781,image10780.jpg,Unhealthy
782,image10781.jpg,Unhealthy
783,image10782.jpg,Unhealthy
784,image10783.jpg,Unhealthy
785,image10784.jpg,Healthy
786,image10785.jpg,Unhealthy
787,image10786.jpg,Unhealthy
788,image10787.jpg,Unhealthy
789,image10788.jpg,Healthy
790,image10789.jpg,Unhealthy
791,image10790.jpg,Healthy
792,image10791.jpg,Unhealthy
793,image10792.jpg,Unhealthy
794,image10793.jpg,Unhealthy
795,image10794.jpg,Unhealthy
796,image10795.jpg,Healthy
797,image10796.jpg,Unhealthy
798,image10797.jpg,Unhealthy
799,image10798.jpg,Healthy
800,image10799.jpg,Unhealthy
801,image10800.jpg,Unhealthy
802,image10801.jpg,Unhealthy
803,image10802.jpg,Unhealthy
804,image10803.jpg,Unhealthy
805,image10804.jpg,Unhealthy
806,image10805.jpg,Unhealthy
807,image10806.jpg,Unhealthy
808,image10807.jpg,Unhealthy
809,image10808.jpg,Unhealthy
810,image10809.jpg,Healthy
811,image10810.jpg,Unhealthy
812,image10811.jpg,Unhealthy
813,image10812.jpg,Healthy
814,image10813.jpg,Healthy
815,image10814.jpg,Unhealthy
816,image10815.jpg,Unhealthy
817,image10816.jpg,Unhealthy
818,image10817.jpg,Unhealthy
819,image10818.jpg,Unhealthy
820,image10819.jpg,Healthy
821,image10820.jpg,Unhealthy
822,image10821.jpg,Unhealthy
823,image10822.jpg,Healthy
824,image10823.jpg,Unhealthy
825,image10824.jpg,Unhealthy
826,image10825.jpg,Unhealthy
827,image10826.jpg,Healthy
828,image10827.jpg,Unhealthy
829,image10828.jpg,Unhealthy
830,image10829.jpg,Healthy
831,image10830.jpg,Unhealthy
832,image10831.jpg,Healthy
833,image10832.jpg,Unhealthy
834,image10833.jpg,Unhealthy
835,image10834.jpg,Unhealthy
836,image10835.jpg,Unhealthy
837,image10836.jpg,Unhealthy
838,image10837.jpg,Unhealthy
839,image10838.jpg,Unhealthy
840,image10839.jpg,Unhealthy
841,image10840.jpg,Healthy
842,image10841.jpg,Healthy
843,image10842.jpg,Unhealthy
844,image10843.jpg,Unhealthy
845,image10844.jpg,Unhealthy
846,image10845.jpg,Unhealthy
847,image10846.jpg,Unhealthy
848,image10847.jpg,Unhealthy
849,image10848.jpg,Unhealthy
850,image10849.jpg,Unhealthy
851,image10850.jpg,Unhealthy
852,image10851.jpg,Unhealthy
853,image10852.jpg,Unhealthy
854,image10853.jpg,Unhealthy
855,image10854.jpg,Unhealthy
856,image10855.jpg,Unhealthy
857,image10856.jpg,Healthy
858,image10857.jpg,Unhealthy
859,image10858.jpg,Unhealthy
860,image10859.jpg,Healthy
861,image10860.jpg,Healthy
862,image10861.jpg,Unhealthy
863,image10862.jpg,Unhealthy
864,image10863.jpg,Healthy
865,image10864.jpg,Healthy
866,image10865.jpg,Healthy
867,image10866.jpg,Unhealthy
868,image10867.jpg,Unhealthy
869,image10868.jpg,Unhealthy
870,image10869.jpg,Unhealthy
871,image10870.jpg,Unhealthy
872,image10871.jpg,Unhealthy
873,image10872.jpg,Healthy
874,image10873.jpg,Unhealthy
875,image10874.jpg,Healthy
876,image10875.jpg,Healthy
877,image10876.jpg,Unhealthy
878,image10877.jpg,Unhealthy
879,image10878.jpg,Healthy
880,image10879.jpg,Unhealthy
881,image10880.jpg,Unhealthy
882,image10881.jpg,Healthy
883,image10882.jpg,Unhealthy
884,image10883.jpg,Healthy
885,image10884.jpg,Healthy
886,image10885.jpg,Healthy
887,image10886.jpg,Healthy
888,image10887.jpg,Unhealthy
889,image10888.jpg,Healthy
890,image10889.jpg,Unhealthy
891,image10890.jpg,Unhealthy
892,image10891.jpg,Unhealthy
893,image10892.jpg,Healthy
894,image10893.jpg,Unhealthy
895,image10894.jpg,Unhealthy
896,image10895.jpg,Unhealthy
897,image10896.jpg,Unhealthy
898,image10897.jpg,Unhealthy
899,image10898.jpg,Healthy
900,image10899.jpg,Unhealthy
901,image10900.jpg,Unhealthy
902,image10901.jpg,Unhealthy
903,image10902.jpg,Unhealthy
904,image10903.jpg,Unhealthy
905,image10904.jpg,Healthy
906,image10905.jpg,Unhealthy
907,image10906.jpg,Healthy
908,image10907.jpg,Unhealthy
909,image10908.jpg,Unhealthy
910,image10909.jpg,Unhealthy
911,image10910.jpg,Healthy
912,image10911.jpg,Unhealthy
913,image10912.jpg,Unhealthy
914,image10913.jpg,Unhealthy
915,image10914.jpg,Healthy
916,image10915.jpg,Unhealthy
917,image10916.jpg,Unhealthy
918,image10917.jpg,Unhealthy
919,image10918.jpg,Healthy
920,image10919.jpg,Unhealthy
921,image10920.jpg,Unhealthy
922,image10921.jpg,Unhealthy
923,image10922.jpg,Healthy
924,image10923.jpg,Unhealthy
925,image10924.jpg,Unhealthy
926,image10925.jpg,Unhealthy
927,image10926.jpg,Unhealthy
928,image10927.jpg,Unhealthy
929,image10928.jpg,Unhealthy
930,image10929.jpg,Unhealthy
931,image10930.jpg,Unhealthy
932,image10931.jpg,Healthy
933,image10932.jpg,Healthy
934,image10933.jpg,Healthy
935,image10934.jpg,Unhealthy
936,image10935.jpg,Unhealthy
937,image10936.jpg,Unhealthy
938,image10937.jpg,Unhealthy
939,image10938.jpg,Unhealthy
940,image10939.jpg,Unhealthy
941,image10940.jpg,Unhealthy
942,image10941.jpg,Unhealthy
943,image10942.jpg,Unhealthy
944,image10943.jpg,Unhealthy
945,image10944.jpg,Unhealthy
946,image10945.jpg,Healthy
947,image10946.jpg,Unhealthy
948,image10947.jpg,Unhealthy
949,image10948.jpg,Healthy
950,image10949.jpg,Unhealthy
951,image10950.jpg,Healthy
952,image10951.jpg,Healthy
953,image10952.jpg,Unhealthy
954,image10953.jpg,Unhealthy
955,image10954.jpg,Healthy
956,image10955.jpg,Unhealthy
957,image10956.jpg,Unhealthy
958,image10957.jpg,Unhealthy
959,image10958.jpg,Unhealthy
960,image10959.jpg,Unhealthy
961,image10960.jpg,Unhealthy
962,image10961.jpg,Unhealthy
963,image10962.jpg,Healthy
964,image10963.jpg,Unhealthy
965,image10964.jpg,Unhealthy
966,image10965.jpg,Healthy
967,image10966.jpg,Unhealthy
968,image10967.jpg,Unhealthy
969,image10968.jpg,Unhealthy
970,image10969.jpg,Healthy
971,image10970.jpg,Unhealthy
972,image10971.jpg,Unhealthy
973,image10972.jpg,Healthy
974,image10973.jpg,Healthy
975,image10974.jpg,Unhealthy
976,image10975.jpg,Unhealthy
977,image10976.jpg,Healthy
978,image10977.jpg,Healthy
979,image10978.jpg,Healthy
980,image10979.jpg,Unhealthy
981,image10980.jpg,Unhealthy
982,image10981.jpg,Unhealthy
983,image10982.jpg,Unhealthy
984,image10983.jpg,Unhealthy
985,image10984.jpg,Unhealthy
986,image10985.jpg,Healthy
987,image10986.jpg,Unhealthy
988,image10987.jpg,Unhealthy
989,image10988.jpg,Unhealthy
990,image10989.jpg,Unhealthy
991,image10990.jpg,Unhealthy
992,image10991.jpg,Healthy
993,image10992.jpg,Unhealthy
994,image10993.jpg,Unhealthy
995,image10994.jpg,Healthy
996,image10995.jpg,Unhealthy
997,image10996.jpg,Unhealthy
998,image10997.jpg,Unhealthy
999,image10998.jpg,Unhealthy
1000,image10999.jpg,Unhealthy
1001,image11000.jpg,Unhealthy
1002,image11001.jpg,Unhealthy
1003,image11002.jpg,Unhealthy
1004,image11003.jpg,Unhealthy
1005,image11004.jpg,Unhealthy
1006,image11005.jpg,Unhealthy
1007,image11006.jpg,Unhealthy
1008,image11007.jpg,Unhealthy
1009,image11008.jpg,Unhealthy
1010,image11009.jpg,Unhealthy
1011,image11010.jpg,Healthy
1012,image11011.jpg,Healthy
1013,image11012.jpg,Unhealthy
1014,image11013.jpg,Unhealthy
1015,image11014.jpg,Unhealthy
1016,image11015.jpg,Healthy
1017,image11016.jpg,Unhealthy
1018,image11017.jpg,Unhealthy
1019,image11018.jpg,Unhealthy
1020,image11019.jpg,Unhealthy
1021,image11020.jpg,Unhealthy
1022,image11021.jpg,Unhealthy
1023,image11022.jpg,Unhealthy
1024,image11023.jpg,Unhealthy
1025,image11024.jpg,Unhealthy
1026,image11025.jpg,Healthy
1027,image11026.jpg,Unhealthy
1028,image11027.jpg,Unhealthy
1029,image11028.jpg,Unhealthy
1030,image11029.jpg,Unhealthy
1031,image11030.jpg,Unhealthy
1032,image11031.jpg,Unhealthy
1033,image11032.jpg,Unhealthy
1034,image11033.jpg,Unhealthy
1035,image11034.jpg,Unhealthy
1036,image11035.jpg,Unhealthy
1037,image11036.jpg,Unhealthy
1038,image11037.jpg,Unhealthy
1039,image11038.jpg,Unhealthy
1040,image11039.jpg,Unhealthy
1041,image11040.jpg,Healthy
1042,image11041.jpg,Unhealthy
1043,image11042.jpg,Unhealthy
1044,image11043.jpg,Unhealthy
1045,image11044.jpg,Unhealthy
1046,image11045.jpg,Unhealthy
1047,image11046.jpg,Unhealthy
1048,image11047.jpg,Healthy
1049,image11048.jpg,Unhealthy
1050,image11049.jpg,Unhealthy
1051,image11050.jpg,Healthy
1052,image11051.jpg,Healthy
1053,image11052.jpg,Healthy
1054,image11053.jpg,Unhealthy
1055,image11054.jpg,Unhealthy
1056,image11055.jpg,Unhealthy
1057,image11056.jpg,Unhealthy
1058,image11057.jpg,Unhealthy
1059,image11058.jpg,Unhealthy
1060,image11059.jpg,Unhealthy
1061,image11060.jpg,Unhealthy
1062,image11061.jpg,Unhealthy
1063,image11062.jpg,Unhealthy
1064,image11063.jpg,Unhealthy
1065,image11064.jpg,Unhealthy
1066,image11065.jpg,Unhealthy
1067,image11066.jpg,Unhealthy
1068,image11067.jpg,Unhealthy
1069,image11068.jpg,Unhealthy
1070,image11069.jpg,Unhealthy
1071,image11070.jpg,Unhealthy
1072,image11071.jpg,Unhealthy
1073,image11072.jpg,Unhealthy
1074,image11073.jpg,Unhealthy
1075,image11074.jpg,Unhealthy
1076,image11075.jpg,Unhealthy
1077,image11076.jpg,Unhealthy
1078,image11077.jpg,Unhealthy
1079,image11078.jpg,Unhealthy
1080,image11079.jpg,Unhealthy
1081,image11080.jpg,Healthy
1082,image11081.jpg,Unhealthy
1083,image11082.jpg,Unhealthy
1084,image11083.jpg,Unhealthy
1085,image11084.jpg,Unhealthy
1086,image11085.jpg,Unhealthy
1087,image11086.jpg,Unhealthy
1088,image11087.jpg,Healthy
1089,image11088.jpg,Unhealthy
1090,image11089.jpg,Unhealthy
1091,image11090.jpg,Unhealthy
1092,image11091.jpg,Unhealthy
1093,image11092.jpg,Unhealthy
1094,image11093.jpg,Healthy
1095,image11094.jpg,Unhealthy
1096,image11095.jpg,Unhealthy
1097,image11096.jpg,Unhealthy
1098,image11097.jpg,Unhealthy
1099,image11098.jpg,Unhealthy
1100,image11099.jpg,Unhealthy
1101,image11100.jpg,Unhealthy
1102,image11101.jpg,Unhealthy
1103,image11102.jpg,Unhealthy
1104,image11103.jpg,Unhealthy
1105,image11104.jpg,Unhealthy
1106,image11105.jpg,Unhealthy
1107,image11106.jpg,Unhealthy
1108,image11107.jpg,Unhealthy
1109,image11108.jpg,Unhealthy
1110,image11109.jpg,Unhealthy
1111,image11110.jpg,Unhealthy
1112,image11111.jpg,Unhealthy
1113,image11112.jpg,Unhealthy
1114,image11113.jpg,Unhealthy
1115,image11114.jpg,Unhealthy
1116,image11115.jpg,Unhealthy
1117,image11116.jpg,Unhealthy
1118,image11117.jpg,Unhealthy
1119,image11118.jpg,Unhealthy
1120,image11119.jpg,Unhealthy
1121,image11120.jpg,Unhealthy
1122,image11121.jpg,Unhealthy
1123,image11122.jpg,Unhealthy
1124,image11123.jpg,Unhealthy
1125,image11124.jpg,Unhealthy
1126,image11125.jpg,Unhealthy
1127,image11126.jpg,Unhealthy
1128,image11127.jpg,Unhealthy
1129,image11128.jpg,Unhealthy
1130,image11129.jpg,Unhealthy
1131,image11130.jpg,Unhealthy
1132,image11131.jpg,Unhealthy
1133,image11132.jpg,Unhealthy
1134,image11133.jpg,Unhealthy
1135,image11134.jpg,Unhealthy
1136,image11135.jpg,Unhealthy
1137,image11136.jpg,Unhealthy
1138,image11137.jpg,Unhealthy
1139,image11138.jpg,Unhealthy
1140,image11139.jpg,Unhealthy
1141,image11140.jpg,Unhealthy
1142,image11141.jpg,Unhealthy
1143,image11142.jpg,Unhealthy
1144,image11143.jpg,Unhealthy
1145,image11144.jpg,Unhealthy
1146,image11145.jpg,Unhealthy
1147,image11146.jpg,Unhealthy
1148,image11147.jpg,Unhealthy
1149,image11148.jpg,Unhealthy
1150,image11149.jpg,Unhealthy
1151,image11150.jpg,Unhealthy
1152,image11151.jpg,Unhealthy
1153,image11152.jpg,Unhealthy
1154,image11153.jpg,Unhealthy
1155,image11154.jpg,Unhealthy
1156,image11155.jpg,Unhealthy
1157,image11156.jpg,Unhealthy
1158,image11157.jpg,Unhealthy
1159,image11158.jpg,Unhealthy
1160,image11159.jpg,Unhealthy
1161,image11160.jpg,Unhealthy
1162,image11161.jpg,Unhealthy
1163,image11162.jpg,Unhealthy
1164,image11163.jpg,Unhealthy
1165,image11164.jpg,Unhealthy
1166,image11165.jpg,Unhealthy
1167,image11166.jpg,Unhealthy
1168,image11167.jpg,Unhealthy
1169,image11168.jpg,Unhealthy
1170,image11169.jpg,Unhealthy
1171,image11170.jpg,Unhealthy
1172,image11171.jpg,Unhealthy
1173,image11172.jpg,Unhealthy
1174,image11173.jpg,Unhealthy
1175,image11174.jpg,Unhealthy
1176,image11175.jpg,Unhealthy
1177,image11176.jpg,Unhealthy
1178,image11177.jpg,Unhealthy
1179,image11178.jpg,Unhealthy
1180,image11179.jpg,Unhealthy
1181,image11180.jpg,Unhealthy
1182,image11181.jpg,Unhealthy
1183,image11182.jpg,Unhealthy
1184,image11183.jpg,Unhealthy
1185,image11184.jpg,Unhealthy
1186,image11185.jpg,Unhealthy
1187,image11186.jpg,Unhealthy
1188,image11187.jpg,Unhealthy
1189,image11188.jpg,Unhealthy
1190,image11189.jpg,Unhealthy
1191,image11190.jpg,Unhealthy
1192,image11191.jpg,Unhealthy
1193,image11192.jpg,Unhealthy
1194,image11193.jpg,Unhealthy
1195,image11194.jpg,Unhealthy
1196,image11195.jpg,Unhealthy
1197,image11196.jpg,Unhealthy
1198,image11197.jpg,Unhealthy
1199,image11198.jpg,Unhealthy
1200,image11199.jpg,Unhealthy
1201,image11200.jpg,Unhealthy
1202,image11201.jpg,Unhealthy
1203,image11202.jpg,Unhealthy
1204,image11203.jpg,Unhealthy
1205,image11204.jpg,Unhealthy
1206,image11205.jpg,Unhealthy
1207,image11206.jpg,Unhealthy
1208,image11207.jpg,Unhealthy
1209,image11208.jpg,Unhealthy
1210,image11209.jpg,Unhealthy
1211,image11210.jpg,Unhealthy
1212,image11211.jpg,Unhealthy
1213,image11212.jpg,Unhealthy
1214,image11213.jpg,Unhealthy
1215,image11214.jpg,Unhealthy
1216,image11215.jpg,Unhealthy
1217,image11216.jpg,Unhealthy
1218,image11217.jpg,Unhealthy
1219,image11218.jpg,Unhealthy
1220,image11219.jpg,Unhealthy
1221,image11220.jpg,Unhealthy
1222,image11221.jpg,Unhealthy
1223,image11222.jpg,Unhealthy
1224,image11223.jpg,Unhealthy
1225,image11224.jpg,Unhealthy
1226,image11225.jpg,Unhealthy
1227,image11226.jpg,Unhealthy
1228,image11227.jpg,Unhealthy
1229,image11228.jpg,Unhealthy
1230,image11229.jpg,Healthy
1231,image11230.jpg,Healthy
1232,image11231.jpg,Unhealthy
1233,image11232.jpg,Healthy
1234,image11233.jpg,Unhealthy
1235,image11234.jpg,Unhealthy
1236,image11235.jpg,Healthy
1237,image11236.jpg,Unhealthy
1238,image11237.jpg,Unhealthy
1239,image11238.jpg,Unhealthy
1240,image11239.jpg,Unhealthy
1241,image11240.jpg,Unhealthy
1242,image11241.jpg,Unhealthy
1243,image11242.jpg,Unhealthy
1244,image11243.jpg,Unhealthy
1245,image11244.jpg,Unhealthy
1246,image11245.jpg,Healthy
1247,image11246.jpg,Unhealthy
1248,image11247.jpg,Unhealthy
1249,image11248.jpg,Unhealthy
1250,image11249.jpg,Unhealthy
1251,image11250.jpg,Unhealthy
1252,image11251.jpg,Healthy
1253,image11252.jpg,Unhealthy
1254,image11253.jpg,Healthy
1255,image11254.jpg,Unhealthy
1256,image11255.jpg,Unhealthy
1257,image11256.jpg,Unhealthy
1258,image11257.jpg,Healthy
1259,image11258.jpg,Unhealthy
1260,image11259.jpg,Unhealthy
1261,image11260.jpg,Unhealthy
1262,image11261.jpg,Unhealthy
1263,image11262.jpg,Unhealthy
1264,image11263.jpg,Unhealthy
1265,image11264.jpg,Healthy
1266,image11265.jpg,Unhealthy
1267,image11266.jpg,Healthy
1268,image11267.jpg,Healthy
1269,image11268.jpg,Unhealthy
1270,image11269.jpg,Unhealthy
1271,image11270.jpg,Healthy
1272,image11271.jpg,Healthy
1273,image11272.jpg,Unhealthy
1274,image11273.jpg,Unhealthy
1275,image11274.jpg,Unhealthy
1276,image11275.jpg,Unhealthy
1277,image11276.jpg,Healthy
1278,image11277.jpg,Healthy
1279,image11278.jpg,Unhealthy
1280,image11279.jpg,Unhealthy
1281,image11280.jpg,Unhealthy
1282,image11281.jpg,Healthy
1283,image11282.jpg,Unhealthy
1284,image11283.jpg,Unhealthy
1285,image11284.jpg,Unhealthy
1286,image11285.jpg,Unhealthy
1287,image11286.jpg,Unhealthy
1288,image11287.jpg,Unhealthy
1289,image11288.jpg,Unhealthy
1290,image11289.jpg,Unhealthy
1291,image11290.jpg,Unhealthy
1292,image11291.jpg,Unhealthy
1293,image11292.jpg,Unhealthy
1294,image11293.jpg,Unhealthy
1295,image11294.jpg,Unhealthy
1296,image11295.jpg,Unhealthy
1297,image11296.jpg,Unhealthy
1298,image11297.jpg,Healthy
1299,image11298.jpg,Unhealthy
1300,image11299.jpg,Unhealthy
1301,image11300.jpg,Unhealthy
1302,image11301.jpg,Unhealthy
1303,image11302.jpg,Unhealthy
1304,image11303.jpg,Unhealthy
1305,image11304.jpg,Unhealthy
1306,image11305.jpg,Unhealthy
1307,image11306.jpg,Unhealthy
1308,image11307.jpg,Unhealthy
1309,image11308.jpg,Unhealthy
1310,image11309.jpg,Unhealthy
1311,image11310.jpg,Unhealthy
1312,image11311.jpg,Unhealthy
1313,image11312.jpg,Unhealthy
1314,image11313.jpg,Unhealthy
1315,image11314.jpg,Unhealthy
1316,image11315.jpg,Unhealthy
1317,image11316.jpg,Healthy
1318,image11317.jpg,Unhealthy
1319,image11318.jpg,Unhealthy
1320,image11319.jpg,Unhealthy
1321,image11320.jpg,Unhealthy
1322,image11321.jpg,Unhealthy
1323,image11322.jpg,Unhealthy
1324,image11323.jpg,Unhealthy
1325,image11324.jpg,Unhealthy
1326,image11325.jpg,Healthy
1327,image11326.jpg,Unhealthy
1328,image11327.jpg,Unhealthy
1329,image11328.jpg,Unhealthy
1330,image11329.jpg,Unhealthy
1331,image11330.jpg,Healthy
1332,image11331.jpg,Healthy
1333,image11332.jpg,Healthy
1334,image11333.jpg,Unhealthy
1335,image11334.jpg,Unhealthy
1336,image11335.jpg,Unhealthy
1337,image11336.jpg,Unhealthy
1338,image11337.jpg,Unhealthy
1339,image11338.jpg,Unhealthy
1340,image11339.jpg,Unhealthy
1341,image11340.jpg,Healthy
1342,image11341.jpg,Unhealthy
1343,image11342.jpg,Unhealthy
1344,image11343.jpg,Unhealthy
1345,image11344.jpg,Unhealthy
1346,image11345.jpg,Unhealthy
1347,image11346.jpg,Unhealthy
1348,image11347.jpg,Unhealthy
1349,image11348.jpg,Unhealthy
1350,image11349.jpg,Unhealthy
1351,image11350.jpg,Unhealthy
1352,image11351.jpg,Unhealthy
1353,image11352.jpg,Unhealthy
1354,image11353.jpg,Unhealthy
1355,image11354.jpg,Unhealthy
1356,image11355.jpg,Unhealthy
1357,image11356.jpg,Healthy
1358,image11357.jpg,Unhealthy
1359,image11358.jpg,Healthy
1360,image11359.jpg,Unhealthy
1361,image11360.jpg,Unhealthy
1362,image11361.jpg,Unhealthy
1363,image11362.jpg,Healthy
1364,image11363.jpg,Unhealthy
1365,image11364.jpg,Unhealthy
1366,image11365.jpg,Unhealthy
1367,image11366.jpg,Unhealthy
1368,image11367.jpg,Unhealthy
1369,image11368.jpg,Unhealthy
1370,image11369.jpg,Unhealthy
1371,image11370.jpg,Unhealthy
1372,image11371.jpg,Unhealthy
1373,image11372.jpg,Unhealthy
1374,image11373.jpg,Unhealthy
1375,image11374.jpg,Healthy
1376,image11375.jpg,Unhealthy
1377,image11376.jpg,Unhealthy
1378,image11377.jpg,Unhealthy
1379,image11378.jpg,Unhealthy
1380,image11379.jpg,Unhealthy
1381,image11380.jpg,Unhealthy
1382,image11381.jpg,Unhealthy
1383,image11382.jpg,Unhealthy
1384,image11383.jpg,Unhealthy
1385,image11384.jpg,Unhealthy
1386,image11385.jpg,Unhealthy
1387,image11386.jpg,Unhealthy
1388,image11387.jpg,Unhealthy
1389,image11388.jpg,Healthy
1390,image11389.jpg,Healthy
1391,image11390.jpg,Unhealthy
1392,image11391.jpg,Unhealthy
1393,image11392.jpg,Unhealthy
1394,image11393.jpg,Unhealthy
1395,image11394.jpg,Unhealthy
1396,image11395.jpg,Unhealthy
1397,image11396.jpg,Unhealthy
1398,image11397.jpg,Unhealthy
1399,image11398.jpg,Unhealthy
1400,image11399.jpg,Unhealthy
1401,image11400.jpg,Healthy
1402,image11401.jpg,Unhealthy
1403,image11402.jpg,Unhealthy
1404,image11403.jpg,Unhealthy
1405,image11404.jpg,Unhealthy
1406,image11405.jpg,Unhealthy
1407,image11406.jpg,Unhealthy
1408,image11407.jpg,Unhealthy
1409,image11408.jpg,Healthy
1410,image11409.jpg,Unhealthy
1411,image11410.jpg,Unhealthy
1412,image11411.jpg,Unhealthy
1413,image11412.jpg,Unhealthy
1414,image11413.jpg,Unhealthy
1415,image11414.jpg,Unhealthy
1416,image11415.jpg,Healthy
1417,image11416.jpg,Unhealthy
1418,image11417.jpg,Unhealthy
1419,image11418.jpg,Unhealthy
1420,image11419.jpg,Unhealthy
1421,image11420.jpg,Unhealthy
1422,image11421.jpg,Healthy
1423,image11422.jpg,Unhealthy
1424,image11423.jpg,Healthy
1425,image11424.jpg,Healthy
1426,image11425.jpg,Unhealthy
1427,image11426.jpg,Unhealthy
1428,image11427.jpg,Unhealthy
1429,image11428.jpg,Unhealthy
1430,image11429.jpg,Unhealthy
1431,image11430.jpg,Unhealthy
1432,image11431.jpg,Unhealthy
1433,image11432.jpg,Unhealthy
1434,image11433.jpg,Healthy
1435,image11434.jpg,Unhealthy
1436,image11435.jpg,Unhealthy
1437,image11436.jpg,Unhealthy
1438,image11437.jpg,Unhealthy
1439,image11438.jpg,Unhealthy
1440,image11439.jpg,Healthy
1441,image11440.jpg,Unhealthy
1442,image11441.jpg,Unhealthy
1443,image11442.jpg,Unhealthy
1444,image11443.jpg,Unhealthy
1445,image11444.jpg,Unhealthy
1446,image11445.jpg,Unhealthy
1447,image11446.jpg,Unhealthy
1448,image11447.jpg,Unhealthy
1449,image11448.jpg,Unhealthy
1450,image11449.jpg,Unhealthy
1451,image11450.jpg,Unhealthy
1452,image11451.jpg,Unhealthy
1453,image11452.jpg,Unhealthy
1454,image11453.jpg,Unhealthy
1455,image11454.jpg,Unhealthy
1456,image11455.jpg,Unhealthy
1457,image11456.jpg,Unhealthy
1458,image11457.jpg,Unhealthy
1459,image11458.jpg,Unhealthy
1460,image11459.jpg,Unhealthy
1461,image11460.jpg,Unhealthy
1462,image11461.jpg,Unhealthy
1463,image11462.jpg,Unhealthy
1464,image11463.jpg,Unhealthy
1465,image11464.jpg,Unhealthy
1466,image11465.jpg,Healthy
1467,image11466.jpg,Unhealthy
1468,image11467.jpg,Unhealthy
